21,YASMINE
18,Sarah
17,imane
14,amina
14,Ines
12,meriem
12,Sabrina
12,lina
11,Nour
10,amel
10,Manel
9,Rania
9,katia
9,amira
9,Asma
9,Sofia
9,nesrine
8,Mina
8,feriel
8,lynda
8,sara
8,selma
8,anais
7,MARIA
7,lilia
7,lydia
7,Ikram
7,cilia
7,Melissa
7,Farah
7,Sophia
6,khadidja
6,camelia
6,Aya
6,Mira
6,Chiraz
5,Dounia
5,Samira
5,lily
5,Lisa
5,celine
5,sonia
5,ryma
5,mimi
5,Nawel
4,Safia
4,Bouchra
4,Hadjer
4,imane
4,leila
4,linda
4,souad
4,Asmaa
4,yasmina
4,fatima
4,hiba
4,Rym
4,Maya
4,fouzia
4,Kenza
4,chanez
4,Lili
3,batoul
3,Ghada
3,sophie
3,kahina
3,fidy
3,Soraya
3,Nina
3,NADIA
3,Coraline
3,nassima
3,Myriam
3,hana
3,thinhinane
3,yousra
3,narimane
3,sam
3,nedjma
3,lila
3,anissa
3,Julie
3,Nacera
3,rose
3,Serine
3,fella
2,Nihad
2,Hind
2,lylia
2,Ryna
2,Hania
2,Laetitia
2,Zineb
2,ibtissem
2,Dalia
2,Mya
2,ZOLA
2,malika
2,faiza
2,mona
2,Chahinez
2,Houda
2,imen
2,Yin
2,Dikra
2,Hayat
2,jojo
2,Lamia
2,cherifa
2,moon
2,Rim
2,khaoula
2,dina
2,fatiha
2,hayet
2,ilhem
2,zakia
2,lidia
2,Cylia
2,maroua
2,nabila
2,silya
2,wafa
2,Soumaya
2,JASMINE
2,Dona
2,sabrine
2,liza
2,marwa
2,nawal
2,sarra
2,Djamila
2,Ouarda
2,wafae
2,Soumia
2,Mounia
2,tina
2,zina
2,douaa
2,meryem
2,Racha
2,Dahlia
1,reb
1,sassi
1,Tania
1,yume
1,Abbi
1,annhester
1,CezayirliKiz
1,djazia
1,fatma
1,kacisoumia
1,leatissia
1,melyna
1,nacima
1,ouiz
1,Sisi
1,wafaee
1,ALINE
1,Choupette
1,efsoul
1,Iman
1,linachekroun
1,Manureva
1,narjes
1,Nelia
1,rani
1,sameh
1,soundous
1,Yassumi
1,Angie
1,DhikraAmel
1,farh
1,jay
1,Lucie
1,mazgha
1,Mugblood
1,nourshan
1,rosette
1,Shymagda
1,tinalevy
1,aigoun
1,chano
1,kati
1,lili-mahoni
1,Maleksamia
1,Messaouda
1,naima
1,Rachida
1,wiwi
1,Eva
1,Iness
1,khokho
1,lolo
1,maryam
1,moly
1,Nawell
1,nihed
1,Reem
1,Saya
1,Tara
1,zahira
1,abby
1,anya
1,CHAFIKA
1,djedjiga
1,Fayna
1,hora
1,lee
1,lyna
1,lynda
1,Nada
1,oulebsir
1,sadia
1,sissi
1,wahiba
1,Amani
1,bel
1,Connie
1,elisa
1,Ghania
1,khadija
1,LinaYasmine
1,MINI
1,narjess
1,Nemimen
1,Samia
1,Stephanie
1,Yee
1,Angy
1,Camy
1,Didouche
1,farou
1,Hassiba
1,jocline
1,Laila
1,Lunca
1,medina
1,Noussa
1,Roumaissa
1,Sihem
1,toufik
1,aish
1,Ayda
1,chela
1,DouniaAmira
1,Ichraka
1,Michu
1,nanita
1,Radia
1,Sahra
1,YAMINA
1,Boutayna
1,dalila
1,HAFIDA
1,Ismahane
1,kimsonyiachan
1,lololili
1,Massilia
1,nawelle
1,rihana
1,scheerazad
1,Tasnime
1,Zahra
1,ahlam
1,djedjigua
1,Fayouza
1,kamar
1,meri
1,papilloncharriere
1,sabaa
1,walaa
1,biba
1,elissar
1,gomme
1,Khalida
1,Marina
1,minou
1,nina
1,ranouch
1,suria
1,ania
1,CarolannAngle
1,farroudj
1,Meissa
1,Myassa
1,oli
1,roumi
1,sila
1,Unke
1,zozo
1,Akai-Tsuki
1,Ayra
1,douz
1,flora
1,katya
1,Liliche
1,mamichou
1,milany
1,nano
1,rahaf
1,Salima
1,Yara
1,AmiraYasmine
1,BOUTHAINA
1,Damia
1,fame
1,Haidi
1,Ivyrach
1,Kima
1,Loubna
1,massilva
1,Nayla
1,Noha
1,Scheherazade
1,Tedjini
1,Zaid
1,Ahlem
1,chahira
1,djoher
1,Fayrouz
1,Housna
1,Kami
1,Lexi
1,Maha
1,MERIAM
1,nadjah
1,phoenix
1,sabiha
1,sofya
1,wassila
1,Amelia
1,bibich
1,ilaf
1,Grace
1,LindaTouati
1,Marissa
1,Nasssima
1,rayane
1,syrine
1,yoran
1,Anies
1,judy
1,lara
1,Meliissa
1,omyma
1,Roza
1,silia
1,Victoire
1,Alexisbullock
1,Babine
1,Cherine
1,Dream
1,Florenda
1,Kauther
1,manal
1,miliyara
1,nanou
1,Rahima
1,Salma
1,souhila
1,Amsa
1,brianne
1,Danielsa
1,fan
1,JASMIN
1,Kira
1,Louisa
1,maymaria
1,moula
1,nazo
1,Norhane
1,Rima
1,Selena
1,aicha
1,assouma
1,CHAHRAZAD
1,djoudja
1,Fayza
1,hybride
1,kaouther
1,maissoune
1,Naghem
1,pretty
1,Someone
1,WASSIM
1,Amelle
1,Bila
1,Emna
1,Guidance
1,IMENElitacalaway
1,Khedoudja
1,MIRINA
1,Nawa
1,nessrine
1,RAZANE
1,Tafeth
1,anisha
1,Dinane
1,Julia
1,lauraestelle
1,lydiapierre
1,badr
1,dyhia
1,Fofolle
1,ILYANA
1,Kawthar
1,Lilya
1,mima
1,Ran
1,Amy
1,bush
1,Dantotsu
1,hanan
1,kong
1,Louiza
1,Mouna
1,Nouha-yasmine
1,Rofia
1,Thiziri
1,Zara
1,AichaMars
1,Assyrem
1,chainez
1,fedy
1,hyeon
1,Karines
1,Malak
1,MERY
1,nahla
1,PrincesseDiana
1,wawa
1,Amethyste
1,bina
1,dadouche
1,Emy
1,hadayit
1,ina
1,Khedoudja-Rym
1,Miryame
1,neyla
1,Razika
1,tahima
1,Yuki
1,Aba
1,ceryne
1,FatimaZohra
1,Hinan
1,leaticia
1,Lyds
1,mella
1,sirine
1,Alia
1,basma
1,chiraze
1,Dunya
1,Ima
1,manie
1,narimene
1,Randa
1,samah
1,yassmine
1,BYA
1,Dehbia
1,farahsid
1,Hanane
1,jassmin
1,koukou
1,loumy
1,Mayssoune
1,nejla
1,Aida
1,Ati
1,Ibtissam
1,kary
1,Malek
1,safarouatbi
1,wissal
1,AMILAH
1,blume
1,Esma
1,Hadil
1,kheira
1,Loli
1,mary
1,miya
