29,mohamed
19,amine
14,karim
13,Yacine
11,ahmed
11,samir
11,abdou
10,ali
10,SALAH
9,nazim
9,Walid
9,Mehdi
8,lyes
8,youcef
8,nassim
8,Salim
8,hakim
7,Hocine
7,omar
7,mounir
6,brahim
6,anis
6,djamel
6,hamza
6,kamel
6,Zaki
6,oussama
5,Adel
5,nadir
5,sami
5,rachid
5,mouloud
5,aziz
5,Younes
5,syphax
5,Rabah
5,Sofiane
5,wassim
5,Farouk
5,malik
4,amir
4,fateh
4,Amed
4,nabil
4,abdelkader
4,islam
4,mahdi
4,Fatteh
4,fares
4,RAYAN
4,Taha
4,Moumen
4,hichem
4,FARID
4,OUAIL
4,kader
4,zakaria
4,Adam
4,samy
4,Chabane
4,AYMEN
4,Mourad
4,Akram
4,HAMID
4,mustapha
3,Abderrahmane
3,Khalil
3,chakib
3,mohammed
3,zinou
3,LOTFI
3,Abdelatif
3,Houcine
3,lamine
3,islem
3,Riad
3,Zahir
3,mokrane
3,Faycal
3,Kenzi
3,meschac
3,ACHREF
3,SAID
3,aissa
3,Arezki
3,Aniss
3,Houssem
3,yanis
3,malek
3,massinissa
3,Moncef
3,ferhat
3,khaled
3,Amazigh
3,Anwar
3,Raouf
3,Sam
2,madou
2,Abdel
2,Soufiane
2,badredine
2,halim
2,morad
2,yassine
2,ayoub
2,freedy
2,rochdi
2,yahia
2,boka
2,Ilyes
2,achour
2,hicham
2,zoheir
2,aimed
2,Bush
2,Mahfoud
2,Elyes
2,Houd
2,abdenour
2,didine
2,Imad
2,ABBES
2,nacer
2,ihab
2,djamal
2,Ismail
2,Abdelfatteh
2,RAMI
2,moundji
2,Mohand
2,hamed
2,Ouanes
2,Ben
2,Hachemi
2,kadi
2,momo
2,abderrahim
2,Imed
2,madjid
2,baghdad
2,juba
2,arouba
2,Lounis
2,YOUSEF
2,Amayas
2,GHANI
2,koceila
2,Abdelhak
2,Ibrahim
2,kaidi
2,Rida
2,Abdallah
2,BahaEddine
2,Fatah
2,Ghilas
2,Wael
2,dahmane
2,Faouzi
2,kaki
2,Yasser
1,Aymenkoza
1,brad
1,dioubate
1,Fettah
1,haroune
1,Isaak
1,missipssa
1,Mousaab
1,ossi
1,robin
1,seyfou
1,Toufik
1,zalcas
1,BAIRI
1,Chouaib
1,ElCid
1,Habib
1,junior
1,lakhdar
1,Marco
1,Mok
1,Rachad
1,saidstudent
1,yacouba
1,abdelwahab
1,Aksil
1,Asticote
1,bob
1,diamand
1,Hamidi
1,ilyas
1,karimm
1,Meriam
1,MOULOU
1,nour
1,Remo
1,sebastien
1,tedj
1,yssa
1,abbas
1,AboubacarSidiki
1,djillali
1,ghoulam
1,hhhhhhhhhhh
1,JakeBum
1,kontiki
1,mamadou
1,ozama
1,sabir
1,Simou
1,wahid
1,aomar
1,benmechih
1,dalil
1,FARABI
1,idir
1,kalungi
1,Massy
1,Rauf
1,tafersidali
1,Abderrahmene
1,alilou
1,Djabir
1,hassan
1,khelaf
1,moataz
1,Moussa
1,othmane
1,Shel
1,Urtan
1,zayn
1,Adem
1,AMMAYES
1,bakiroo
1,chris
1,elmakhfi
1,habibeabed
1,kac
1,Marcos
1,mokhtari
1,nagui
1,souley
1,Abdennour
1,Akuma
1,atmane
1,Dias
1,hamma
1,karma
1,Mad
1,merou
1,Nourdine
1,rezigui
1,seif
1,Telmani
1,Yufayyur
1,abbe
1,ameddah
1,Badro
1,chance
1,docteurkader
1,ghoulem
1,JAMIL
1,Kouri
1,mani
1,MohammedAbdessalem
1,nabilABDELKRIM
1,patrick
1,safi
1,sissou
1,Abdelkarim
1,AOUED
1,berbair
1,Daniel
1,Halimi
1,idris
1,kamamou
1,Loudjani
1,Mathis
1,Morsli
1,Neel
1,yeswecan
1,Abderrehamane
1,amag
1,azar
1,Djafar
1,gaid
1,hassane
1,Khelifa
1,Modibo
1,Moussaab
1,OUACEL
1,rochdy
1,Shiki
1,uu
1,zerzour
1,abdelaziz
1,Adlene
1,ammine
1,bechar
1,Christian
1,hacen
1,Kada
1,lansana
1,MAROUAN
1,mokran
1,Nadl
1,rahim
1,Salaheddine
1,Souleymane
1,yakoub
1,aladin
1,ayache
1,boormour
1,fawzi
1,hammou
1,kemel
1,Madani
1,merouane
1,nouri
1,seifeddine
1,tewfik
1,Achraf
1,amigo
1,badrou
1,chaoui
1,doudou
1,ghyles
1,jeffrey
1,krimo
1,manil
1,mohammedanes
1,Pigro
1,safouane
1,sof
1,wallam
1,Abdelkrim
1,Aimen
1,archi
1,bhbh
1,DelgadoSamson
1,halouane
1,kamano
1,louhab
1,MedFTELINA
1,Mouad
1,nice
1,Rayhane
1,samirou
1,Takfarinas
1,abdessamed
1,Amar
1,camarade
1,gala
1,hassen
1,Kim
1,majid
1,mohzaki
1,Movino
1,Roy
1,Sid
1,vairon
1,zico
1,AdMok
1,belsoufi
1,chuck
1,emad
1,hacene
1,houry
1,larbi
1,massi
1,nasser
1,salih
1,soumia
1,YANIK
1,Abderahmane
1,Alex
1,ayachezikioue
1,boualem
1,didofidel
1,Hamou
1,imadeddine
1,Madi
1,riadsid
1,selber
1,zak
1,Abd
1,Badry
1,cheik
1,Dyka
1,grande
1,HichemAdel
1,jimmy
1,kudl
1,Manovic
1,nadd
1,pinel
1,sofane
1,Walle
1,zozo
1,Abdellatif
1,Billal
1,derbel
1,Farinas
1,iheb
1,KamarEddine
1,lounes
1,medhi
1,moufid
1,noah
1,reda
1,sammy
1,taki
1,amawal
1,Azzedine
1,Cben
1,gazet
1,hatem
1,Issam
1,Kimou
1,makhlouf
1,mohame
1,mus
1,rwoth
1,SidAhmed
1,voiitek
1,zidan
1,Abdelghani
1,aghiles
1,collin
1,fadi
1,lebda
1,massilove
1,Ramo
1,Alexandre
1,ayd
1,bouattou
1,Dillan
1,faycel
1,Khacheb
1,MESSAOUD
1,OOMAR
1,ricclnne
1,selmi
1,Tiieb
1,Abd-el-alim
1,aminey
1,Chems
1,eden
1,green
1,himovich
1,Laib
1,MARAM
1,Mohandsaid
1,NADHIR
1,SaidManino
1,abdelmadjid
1,akli
1,blackberry
1,desmond
1,Hamel
1,ikaz
1,mouha
1,noble
1,Redha
1,tarek
1,abdoul
1,babou
1,djaouad
1,Haydar
1,Issem
1,musta
1,ouss
1,ryad
1,sido
1,von
1,zimo
1,ahamed
1,Antar
1,Benabed
1,DaDy
1,fanxxm
1,limamefaouzi
1,nassir
1,rani
1,SALMI
1,taders
1,YanisAdel
1,ABDERRAHMAN
1,algerian
1,Bouras
1,DIM
1,hand
1,ioriakuma
1,Mado
1,midou
1,operationsresearch
1,selnadir
1,TirsaneMohamed
